user_id,register_date,last_active_date,register_channel,total_orders,total_revenue,days_since_last_active,days_since_register,is_silent,is_new,is_paid,user_segment,reg_month,act_month
U00001,2024-03-09 20:43:26,2025-05-16 20:43:26,Organic,2,46.74,40,473,True,False,True,Silent-Paid,2024-03,2025-05
U00002,2024-05-10 04:17:35,2025-01-18 04:17:35,Xiaohongshu,1,34.56,158,411,True,False,True,Silent-Paid,2024-05,2025-01
U00003,2024-08-29 23:43:25,2025-03-11 23:43:25,Douyin,2,59.02,106,300,True,False,True,Silent-Paid,2024-08,2025-03
U00004,2024-02-18 17:45:44,2024-03-03 17:45:44,Xiaohongshu,3,85.4,479,493,True,False,True,Silent-Paid,2024-02,2024-03
U00005,2024-08-09 22:06:58,2024-08-10 22:06:58,Xiaohongshu,2,35.8,319,320,True,False,True,Silent-Paid,2024-08,2024-08
U00006,2024-05-16 08:19:44,2025-03-14 08:19:44,Organic,6,19.1,103,405,True,False,True,Silent-Paid,2024-05,2025-03
U00007,2024-06-11 01:06:49,2024-06-22 01:06:49,Organic,2,59.22,368,379,True,False,True,Silent-Paid,2024-06,2024-06
U00008,2024-11-28 19:42:44,2024-11-30 19:42:44,Xiaohongshu,4,102.64,207,209,True,False,True,Silent-Paid,2024-11,2024-11
U00009,2024-12-17 07:53:10,2025-04-04 07:53:10,Organic,0,93.77,82,190,True,False,False,Silent-Free,2024-12,2025-04
U00010,2024-09-27 08:04:17,2025-05-09 08:04:17,Xiaohongshu,4,62.03,47,271,True,False,True,Silent-Paid,2024-09,2025-05
U00011,2024-10-10 08:29:10,2025-04-04 08:29:10,Douyin,2,28.65,82,258,True,False,True,Silent-Paid,2024-10,2025-04
U00012,2024-12-12 07:57:56,2025-06-24 07:57:56,Xiaohongshu,0,86.28,1,195,False,False,False,Recently-Active,2024-12,2025-06
U00013,2024-05-28 00:46:56,2024-12-27 00:46:56,Bilibili,1,66.62,180,393,True,False,True,Silent-Paid,2024-05,2024-12
U00014,2024-11-24 03:38:27,2025-01-10 03:38:27,WeChat,0,75.28,166,213,True,False,False,Silent-Free,2024-11,2025-01
U00015,2024-03-02 12:06:47,2025-06-03 12:06:47,Bilibili,2,25.75,22,480,False,False,True,Recently-Active,2024-03,2025-06
U00016,2024-08-04 18:29:07,2024-11-09 18:29:07,WeChat,3,71.27,228,325,True,False,True,Silent-Paid,2024-08,2024-11
U00017,2024-05-25 21:23:35,2025-02-04 21:23:35,Bilibili,5,29.62,141,396,True,False,True,Silent-Paid,2024-05,2025-02
U00018,2024-07-20 21:26:41,2024-08-06 21:26:41,Xiaohongshu,2,112.39,323,340,True,False,True,Silent-Paid,2024-07,2024-08
U00019,2024-05-04 14:43:10,2024-12-02 14:43:10,Douyin,5,51.63,205,417,True,False,True,Silent-Paid,2024-05,2024-12
U00020,2024-07-06 19:58:52,2025-06-16 19:58:52,WeChat,4,80.28,9,354,False,False,True,Recently-Active,2024-07,2025-06
U00021,2024-02-14 15:58:55,2025-01-18 15:58:55,Bilibili,2,75.73,158,497,True,False,True,Silent-Paid,2024-02,2025-01
U00022,2024-02-25 05:57:36,2024-11-17 05:57:36,Xiaohongshu,3,15.3,220,486,True,False,True,Silent-Paid,2024-02,2024-11
U00023,2024-07-08 17:49:45,2024-07-23 17:49:45,Xiaohongshu,4,110.4,337,352,True,False,True,Silent-Paid,2024-07,2024-07
U00024,2024-01-23 11:13:59,2025-03-01 11:13:59,Douyin,1,112.59,116,519,True,False,True,Silent-Paid,2024-01,2025-03
U00025,2024-03-27 18:17:09,2024-07-21 18:17:09,Organic,3,112.92,339,455,True,False,True,Silent-Paid,2024-03,2024-07
U00026,2025-01-29 07:15:51,2025-06-16 07:15:51,Bilibili,1,94.32,9,147,False,False,True,Recently-Active,2025-01,2025-06
U00027,2024-04-28 14:43:32,2025-01-16 14:43:32,WeChat,3,17.09,160,423,True,False,True,Silent-Paid,2024-04,2025-01
U00028,2025-03-09 21:02:12,2025-04-23 21:02:12,Xiaohongshu,0,17.97,63,108,True,False,False,Silent-Free,2025-03,2025-04
U00029,2024-05-17 19:57:06,2025-03-24 19:57:06,Organic,3,103.41,93,404,True,False,True,Silent-Paid,2024-05,2025-03
U00030,2024-07-15 18:39:34,2024-09-19 18:39:34,Bilibili,1,76.5,279,345,True,False,True,Silent-Paid,2024-07,2024-09
U00031,2025-02-02 20:26:18,2025-03-26 20:26:18,Xiaohongshu,2,99.07,91,143,True,False,True,Silent-Paid,2025-02,2025-03
U00032,2024-01-29 17:30:58,2025-02-05 17:30:58,Bilibili,2,105.67,140,513,True,False,True,Silent-Paid,2024-01,2025-02
U00033,2024-10-10 07:16:33,2025-06-25 07:16:33,Xiaohongshu,2,21.29,0,258,False,False,True,Recently-Active,2024-10,2025-06
U00034,2024-09-05 12:59:25,2025-04-05 12:59:25,WeChat,1,26.29,81,293,True,False,True,Silent-Paid,2024-09,2025-04
U00035,2024-01-01 19:36:19,2024-12-05 19:36:19,Xiaohongshu,3,22.56,202,541,True,False,True,Silent-Paid,2024-01,2024-12
U00036,2024-11-03 01:01:06,2025-05-27 01:01:06,Douyin,3,93.1,29,234,False,False,True,Recently-Active,2024-11,2025-05
U00037,2024-11-21 06:27:07,2025-04-10 06:27:07,Bilibili,4,66.85,76,216,True,False,True,Silent-Paid,2024-11,2025-04
U00038,2024-04-02 03:20:06,2025-05-15 03:20:06,Bilibili,2,16.95,41,449,True,False,True,Silent-Paid,2024-04,2025-05
U00039,2025-02-12 09:17:41,2025-02-20 09:17:41,Organic,0,66.07,125,133,True,False,False,Silent-Free,2025-02,2025-02
U00040,2024-02-12 00:36:27,2024-09-30 00:36:27,Organic,4,54.91,268,499,True,False,True,Silent-Paid,2024-02,2024-09
U00041,2025-01-21 10:14:17,2025-03-25 10:14:17,WeChat,3,21.97,92,155,True,False,True,Silent-Paid,2025-01,2025-03
U00042,2024-02-26 22:44:54,2024-05-30 22:44:54,WeChat,2,94.04,391,485,True,False,True,Silent-Paid,2024-02,2024-05
U00043,2024-05-28 02:31:51,2024-08-21 02:31:51,Douyin,0,42.33,308,393,True,False,False,Silent-Free,2024-05,2024-08
U00044,2024-05-10 19:12:04,2024-08-04 19:12:04,WeChat,3,112.1,325,411,True,False,True,Silent-Paid,2024-05,2024-08
U00045,2024-11-27 10:43:19,2025-03-23 10:43:19,WeChat,1,92.18,94,210,True,False,True,Silent-Paid,2024-11,2025-03
U00046,2024-09-11 17:14:58,2024-11-08 17:14:58,Organic,3,39.61,229,287,True,False,True,Silent-Paid,2024-09,2024-11
U00047,2024-06-08 14:04:26,2024-11-30 14:04:26,Xiaohongshu,6,66.03,207,382,True,False,True,Silent-Paid,2024-06,2024-11
U00048,2025-02-11 06:50:46,2025-04-18 06:50:46,Organic,6,28.26,68,134,True,False,True,Silent-Paid,2025-02,2025-04
U00049,2024-05-09 18:34:21,2024-08-24 18:34:21,Bilibili,1,17.26,305,412,True,False,True,Silent-Paid,2024-05,2024-08
U00050,2024-08-09 00:45:28,2024-12-02 00:45:28,Organic,2,33.5,205,320,True,False,True,Silent-Paid,2024-08,2024-12
U00051,2024-07-22 05:19:57,2024-08-09 05:19:57,Douyin,1,100.0,320,338,True,False,True,Silent-Paid,2024-07,2024-08
U00052,2024-08-16 18:26:02,2025-03-22 18:26:02,Bilibili,6,72.37,95,313,True,False,True,Silent-Paid,2024-08,2025-03
U00053,2025-03-02 08:01:54,2025-05-21 08:01:54,Bilibili,3,16.63,35,115,True,False,True,Silent-Paid,2025-03,2025-05
U00054,2024-08-18 08:07:34,2025-05-13 08:07:34,Organic,3,108.75,43,311,True,False,True,Silent-Paid,2024-08,2025-05
U00055,2024-07-21 20:57:57,2025-01-01 20:57:57,Xiaohongshu,3,20.66,175,339,True,False,True,Silent-Paid,2024-07,2025-01
U00056,2024-01-31 10:52:18,2024-06-07 10:52:18,Douyin,3,117.56,383,511,True,False,True,Silent-Paid,2024-01,2024-06
U00057,2025-03-24 01:43:38,2025-05-02 01:43:38,Organic,5,44.99,54,93,True,False,True,Silent-Paid,2025-03,2025-05
U00058,2025-03-15 02:46:59,2025-04-23 02:46:59,WeChat,6,85.43,63,102,True,False,True,Silent-Paid,2025-03,2025-04
U00059,2025-01-15 05:45:36,2025-05-01 05:45:36,Bilibili,2,57.16,55,161,True,False,True,Silent-Paid,2025-01,2025-05
U00060,2024-05-09 04:44:50,2024-05-13 04:44:50,Bilibili,4,35.85,408,412,True,False,True,Silent-Paid,2024-05,2024-05
U00061,2025-03-25 01:22:49,2025-06-08 01:22:49,Douyin,5,43.37,17,92,False,False,True,Recently-Active,2025-03,2025-06
U00062,2024-10-18 16:46:44,2024-11-30 16:46:44,Bilibili,4,91.98,207,250,True,False,True,Silent-Paid,2024-10,2024-11
U00063,2024-09-17 01:21:45,2025-03-29 01:21:45,Douyin,4,22.16,88,281,True,False,True,Silent-Paid,2024-09,2025-03
U00064,2024-06-26 03:36:19,2024-10-09 03:36:19,Bilibili,1,118.2,259,364,True,False,True,Silent-Paid,2024-06,2024-10
U00065,2024-12-11 15:45:47,2025-05-11 15:45:47,Douyin,4,31.9,45,196,True,False,True,Silent-Paid,2024-12,2025-05
U00066,2024-09-09 03:48:07,2025-03-27 03:48:07,WeChat,2,77.21,90,289,True,False,True,Silent-Paid,2024-09,2025-03
U00067,2024-09-15 18:11:49,2024-09-23 18:11:49,WeChat,3,26.64,275,283,True,False,True,Silent-Paid,2024-09,2024-09
U00068,2024-11-09 14:38:53,2025-01-20 14:38:53,Organic,2,36.86,156,228,True,False,True,Silent-Paid,2024-11,2025-01
U00069,2024-03-21 07:18:46,2025-06-03 07:18:46,WeChat,3,39.53,22,461,False,False,True,Recently-Active,2024-03,2025-06
U00070,2025-02-19 20:30:38,2025-05-30 20:30:38,Douyin,1,65.1,26,126,False,False,True,Recently-Active,2025-02,2025-05
U00071,2024-06-22 15:37:41,2024-10-09 15:37:41,WeChat,2,83.68,259,368,True,False,True,Silent-Paid,2024-06,2024-10
U00072,2024-12-11 03:30:36,2025-03-18 03:30:36,Bilibili,2,69.53,99,196,True,False,True,Silent-Paid,2024-12,2025-03
U00073,2024-06-25 19:27:15,2025-02-28 19:27:15,Bilibili,1,49.06,117,365,True,False,True,Silent-Paid,2024-06,2025-02
U00074,2024-04-30 02:22:41,2025-05-06 02:22:41,Organic,7,83.39,50,421,True,False,True,Silent-Paid,2024-04,2025-05
U00075,2024-02-13 04:50:34,2024-05-09 04:50:34,Douyin,3,95.88,412,498,True,False,True,Silent-Paid,2024-02,2024-05
U00076,2024-10-02 07:45:14,2025-02-16 07:45:14,WeChat,2,81.39,129,266,True,False,True,Silent-Paid,2024-10,2025-02
U00077,2024-11-03 18:25:07,2025-06-06 18:25:07,WeChat,5,30.02,19,234,False,False,True,Recently-Active,2024-11,2025-06
U00078,2024-07-07 12:20:13,2024-12-28 12:20:13,Organic,7,52.35,179,353,True,False,True,Silent-Paid,2024-07,2024-12
U00079,2024-05-29 08:33:46,2025-04-03 08:33:46,Xiaohongshu,0,31.84,83,392,True,False,False,Silent-Free,2024-05,2025-04
U00080,2024-03-10 21:06:56,2024-12-17 21:06:56,Organic,1,53.49,190,472,True,False,True,Silent-Paid,2024-03,2024-12
U00081,2024-06-13 01:25:29,2025-01-07 01:25:29,Organic,3,61.4,169,377,True,False,True,Silent-Paid,2024-06,2025-01
U00082,2024-07-13 05:21:50,2024-09-15 05:21:50,WeChat,3,42.53,283,347,True,False,True,Silent-Paid,2024-07,2024-09
U00083,2024-02-28 22:23:53,2024-12-24 22:23:53,Xiaohongshu,2,68.39,183,483,True,False,True,Silent-Paid,2024-02,2024-12
U00084,2024-02-09 20:46:53,2024-11-16 20:46:53,Douyin,2,17.9,221,502,True,False,True,Silent-Paid,2024-02,2024-11
U00085,2024-10-16 02:58:34,2025-06-16 02:58:34,WeChat,4,71.8,9,252,False,False,True,Recently-Active,2024-10,2025-06
U00086,2024-07-05 10:45:38,2025-04-19 10:45:38,Bilibili,2,89.49,67,355,True,False,True,Silent-Paid,2024-07,2025-04
U00087,2024-02-28 16:40:00,2025-06-01 16:40:00,WeChat,3,23.55,24,483,False,False,True,Recently-Active,2024-02,2025-06
U00088,2024-02-25 01:39:56,2025-04-23 01:39:56,WeChat,1,81.55,63,486,True,False,True,Silent-Paid,2024-02,2025-04
U00089,2024-01-07 22:20:35,2024-01-21 22:20:35,Organic,5,101.52,521,535,True,False,True,Silent-Paid,2024-01,2024-01
U00090,2024-07-30 04:11:26,2024-08-19 04:11:26,Douyin,2,16.92,310,330,True,False,True,Silent-Paid,2024-07,2024-08
U00091,2024-05-02 21:21:52,2024-12-03 21:21:52,Douyin,0,63.15,204,419,True,False,False,Silent-Free,2024-05,2024-12
U00092,2024-02-29 16:25:01,2024-05-24 16:25:01,Douyin,1,94.26,397,482,True,False,True,Silent-Paid,2024-02,2024-05
U00093,2024-03-22 03:44:38,2024-10-30 03:44:38,Xiaohongshu,3,65.2,238,460,True,False,True,Silent-Paid,2024-03,2024-10
U00094,2025-02-16 19:46:02,2025-05-02 19:46:02,Bilibili,4,96.26,54,129,True,False,True,Silent-Paid,2025-02,2025-05
U00095,2024-05-09 17:22:02,2024-10-17 17:22:02,Organic,1,16.09,251,412,True,False,True,Silent-Paid,2024-05,2024-10
U00096,2024-04-16 23:44:25,2024-09-25 23:44:25,Organic,1,114.88,273,435,True,False,True,Silent-Paid,2024-04,2024-09
U00097,2024-01-14 00:22:57,2024-11-11 00:22:57,Bilibili,4,34.7,226,528,True,False,True,Silent-Paid,2024-01,2024-11
U00098,2024-06-12 16:22:42,2024-12-29 16:22:42,WeChat,7,33.21,178,378,True,False,True,Silent-Paid,2024-06,2024-12
U00099,2024-07-23 02:17:32,2024-08-24 02:17:32,WeChat,2,42.75,305,337,True,False,True,Silent-Paid,2024-07,2024-08
U00100,2024-11-03 16:35:50,2024-12-01 16:35:50,WeChat,3,71.03,206,234,True,False,True,Silent-Paid,2024-11,2024-12
U00101,2024-04-20 22:29:37,2025-05-23 22:29:37,Bilibili,3,68.79,33,431,True,False,True,Silent-Paid,2024-04,2025-05
U00102,2025-03-20 17:04:22,2025-06-12 17:04:22,WeChat,1,90.27,13,97,False,False,True,Recently-Active,2025-03,2025-06
U00103,2024-05-12 06:40:15,2025-02-13 06:40:15,Douyin,1,69.82,132,409,True,False,True,Silent-Paid,2024-05,2025-02
U00104,2024-06-06 07:15:11,2024-10-10 07:15:11,WeChat,4,80.97,258,384,True,False,True,Silent-Paid,2024-06,2024-10
U00105,2024-02-11 10:13:23,2024-03-27 10:13:23,Xiaohongshu,1,75.56,455,500,True,False,True,Silent-Paid,2024-02,2024-03
U00106,2024-02-16 23:44:20,2024-12-06 23:44:20,WeChat,3,40.98,201,495,True,False,True,Silent-Paid,2024-02,2024-12
U00107,2024-04-26 14:13:00,2024-09-30 14:13:00,Organic,5,24.19,268,425,True,False,True,Silent-Paid,2024-04,2024-09
U00108,2024-06-16 06:48:05,2024-11-25 06:48:05,Bilibili,1,33.35,212,374,True,False,True,Silent-Paid,2024-06,2024-11
U00109,2024-06-04 08:57:03,2024-11-22 08:57:03,Organic,3,88.7,215,386,True,False,True,Silent-Paid,2024-06,2024-11
U00110,2024-10-05 22:15:36,2024-11-21 22:15:36,Douyin,2,20.98,216,263,True,False,True,Silent-Paid,2024-10,2024-11
U00111,2024-04-22 00:44:30,2025-06-09 00:44:30,Douyin,2,69.5,16,429,False,False,True,Recently-Active,2024-04,2025-06
U00112,2024-07-24 02:38:00,2024-12-08 02:38:00,Bilibili,3,77.41,199,336,True,False,True,Silent-Paid,2024-07,2024-12
U00113,2025-03-20 02:34:55,2025-06-21 02:34:55,Organic,3,24.83,4,97,False,False,True,Recently-Active,2025-03,2025-06
U00114,2024-01-12 23:08:00,2024-01-22 23:08:00,WeChat,0,62.43,520,530,True,False,False,Silent-Free,2024-01,2024-01
U00115,2025-01-19 13:04:39,2025-05-25 13:04:39,Xiaohongshu,2,117.14,31,157,True,False,True,Silent-Paid,2025-01,2025-05
U00116,2025-03-17 05:36:48,2025-03-29 05:36:48,Bilibili,5,52.07,88,100,True,False,True,Silent-Paid,2025-03,2025-03
U00117,2025-02-02 11:56:43,2025-02-21 11:56:43,Bilibili,3,29.45,124,143,True,False,True,Silent-Paid,2025-02,2025-02
U00118,2024-12-06 06:18:27,2025-01-20 06:18:27,Douyin,0,94.62,156,201,True,False,False,Silent-Free,2024-12,2025-01
U00119,2024-03-13 11:38:34,2024-08-16 11:38:34,Organic,2,50.56,313,469,True,False,True,Silent-Paid,2024-03,2024-08
U00120,2024-12-29 18:43:37,2025-06-01 18:43:37,WeChat,3,47.81,24,178,False,False,True,Recently-Active,2024-12,2025-06
U00121,2024-03-05 07:31:37,2024-05-16 07:31:37,Bilibili,3,17.41,405,477,True,False,True,Silent-Paid,2024-03,2024-05
U00122,2025-01-04 01:09:22,2025-03-25 01:09:22,Bilibili,2,85.61,92,172,True,False,True,Silent-Paid,2025-01,2025-03
U00123,2025-02-15 20:07:56,2025-04-08 20:07:56,Douyin,4,65.86,78,130,True,False,True,Silent-Paid,2025-02,2025-04
U00124,2024-06-02 15:45:06,2025-03-04 15:45:06,Douyin,5,73.86,113,388,True,False,True,Silent-Paid,2024-06,2025-03
U00125,2024-01-25 09:00:13,2024-10-09 09:00:13,Organic,3,93.47,259,517,True,False,True,Silent-Paid,2024-01,2024-10
U00126,2024-12-15 16:15:49,2025-04-04 16:15:49,Bilibili,3,52.12,82,192,True,False,True,Silent-Paid,2024-12,2025-04
U00127,2024-05-08 19:42:39,2024-12-18 19:42:39,Bilibili,2,91.99,189,413,True,False,True,Silent-Paid,2024-05,2024-12
U00128,2024-08-20 00:23:44,2025-03-10 00:23:44,WeChat,2,35.89,107,309,True,False,True,Silent-Paid,2024-08,2025-03
U00129,2024-03-28 09:23:32,2024-12-01 09:23:32,Organic,1,17.8,206,454,True,False,True,Silent-Paid,2024-03,2024-12
U00130,2025-02-10 23:32:10,2025-05-27 23:32:10,Bilibili,1,98.98,29,135,False,False,True,Recently-Active,2025-02,2025-05
U00131,2024-01-10 02:16:08,2025-01-07 02:16:08,Bilibili,0,39.33,169,532,True,False,False,Silent-Free,2024-01,2025-01
U00132,2024-03-11 21:36:37,2024-05-14 21:36:37,Douyin,3,46.97,407,471,True,False,True,Silent-Paid,2024-03,2024-05
U00133,2024-05-12 10:04:55,2024-12-01 10:04:55,Bilibili,5,117.48,206,409,True,False,True,Silent-Paid,2024-05,2024-12
U00134,2024-07-24 06:16:07,2025-06-02 06:16:07,Organic,1,60.27,23,336,False,False,True,Recently-Active,2024-07,2025-06
U00135,2024-04-29 17:41:40,2024-05-02 17:41:40,Douyin,1,91.58,419,422,True,False,True,Silent-Paid,2024-04,2024-05
U00136,2024-09-27 11:33:01,2025-06-10 11:33:01,Xiaohongshu,3,78.1,15,271,False,False,True,Recently-Active,2024-09,2025-06
U00137,2024-12-17 23:16:09,2025-06-22 23:16:09,Douyin,4,114.26,3,190,False,False,True,Recently-Active,2024-12,2025-06
U00138,2024-05-02 11:23:43,2025-01-10 11:23:43,Xiaohongshu,2,102.7,166,419,True,False,True,Silent-Paid,2024-05,2025-01
U00139,2024-04-25 15:00:33,2024-10-14 15:00:33,Bilibili,1,46.51,254,426,True,False,True,Silent-Paid,2024-04,2024-10
U00140,2024-11-08 23:47:23,2025-01-17 23:47:23,Douyin,0,109.99,159,229,True,False,False,Silent-Free,2024-11,2025-01
U00141,2024-01-25 02:36:18,2025-02-05 02:36:18,Douyin,3,36.68,140,517,True,False,True,Silent-Paid,2024-01,2025-02
U00142,2024-09-18 07:25:18,2025-02-24 07:25:18,WeChat,0,68.33,121,280,True,False,False,Silent-Free,2024-09,2025-02
U00143,2024-12-20 10:54:24,2025-05-10 10:54:24,WeChat,2,97.69,46,187,True,False,True,Silent-Paid,2024-12,2025-05
U00144,2024-03-25 16:55:19,2025-01-23 16:55:19,Organic,2,75.1,153,457,True,False,True,Silent-Paid,2024-03,2025-01
U00145,2025-03-14 04:29:13,2025-05-30 04:29:13,Bilibili,0,97.65,26,103,False,False,False,Recently-Active,2025-03,2025-05
U00146,2024-10-19 13:44:00,2024-12-03 13:44:00,Douyin,2,30.74,204,249,True,False,True,Silent-Paid,2024-10,2024-12
U00147,2024-05-08 15:32:15,2024-08-27 15:32:15,Bilibili,3,33.54,302,413,True,False,True,Silent-Paid,2024-05,2024-08
U00148,2025-01-03 01:53:53,2025-05-09 01:53:53,Xiaohongshu,1,105.32,47,173,True,False,True,Silent-Paid,2025-01,2025-05
U00149,2025-01-02 23:11:29,2025-04-01 23:11:29,Xiaohongshu,5,15.4,85,174,True,False,True,Silent-Paid,2025-01,2025-04
U00150,2024-09-20 06:00:00,2025-06-25 06:00:00,Organic,6,95.88,0,278,False,False,True,Recently-Active,2024-09,2025-06
U00151,2024-09-25 03:17:29,2025-02-02 03:17:29,Organic,4,96.36,143,273,True,False,True,Silent-Paid,2024-09,2025-02
U00152,2024-05-16 03:02:53,2024-07-26 03:02:53,Bilibili,2,38.13,334,405,True,False,True,Silent-Paid,2024-05,2024-07
U00153,2025-03-07 02:59:08,2025-05-02 02:59:08,Douyin,3,29.53,54,110,True,False,True,Silent-Paid,2025-03,2025-05
U00154,2025-03-11 13:55:15,2025-06-21 13:55:15,Xiaohongshu,2,63.02,4,106,False,False,True,Recently-Active,2025-03,2025-06
U00155,2024-07-22 05:59:54,2025-01-04 05:59:54,Xiaohongshu,3,85.87,172,338,True,False,True,Silent-Paid,2024-07,2025-01
U00156,2024-03-05 22:39:39,2025-06-13 22:39:39,Xiaohongshu,2,80.82,12,477,False,False,True,Recently-Active,2024-03,2025-06
U00157,2024-04-18 04:20:22,2024-11-24 04:20:22,Bilibili,5,60.46,213,433,True,False,True,Silent-Paid,2024-04,2024-11
U00158,2024-09-30 14:51:46,2024-11-29 14:51:46,WeChat,6,75.19,208,268,True,False,True,Silent-Paid,2024-09,2024-11
U00159,2024-05-22 09:02:14,2024-12-01 09:02:14,Bilibili,3,41.42,206,399,True,False,True,Silent-Paid,2024-05,2024-12
U00160,2024-01-03 06:54:42,2025-03-27 06:54:42,Bilibili,5,118.88,90,539,True,False,True,Silent-Paid,2024-01,2025-03
U00161,2024-01-11 01:07:18,2024-09-15 01:07:18,WeChat,0,48.82,283,531,True,False,False,Silent-Free,2024-01,2024-09
U00162,2024-04-15 06:17:36,2024-09-07 06:17:36,Douyin,1,101.39,291,436,True,False,True,Silent-Paid,2024-04,2024-09
U00163,2024-10-04 07:17:53,2025-02-20 07:17:53,WeChat,3,65.18,125,264,True,False,True,Silent-Paid,2024-10,2025-02
U00164,2024-10-26 09:08:03,2025-05-27 09:08:03,Xiaohongshu,3,104.95,29,242,False,False,True,Recently-Active,2024-10,2025-05
U00165,2025-02-09 06:06:57,2025-05-11 06:06:57,Xiaohongshu,3,34.9,45,136,True,False,True,Silent-Paid,2025-02,2025-05
U00166,2024-08-03 04:26:04,2024-11-17 04:26:04,Bilibili,2,30.15,220,326,True,False,True,Silent-Paid,2024-08,2024-11
U00167,2025-03-26 13:57:14,2025-04-21 13:57:14,WeChat,0,90.17,65,91,True,False,False,Silent-Free,2025-03,2025-04
U00168,2025-02-19 03:56:14,2025-06-14 03:56:14,Organic,6,83.02,11,126,False,False,True,Recently-Active,2025-02,2025-06
U00169,2024-03-01 20:43:40,2025-03-18 20:43:40,Organic,1,33.12,99,481,True,False,True,Silent-Paid,2024-03,2025-03
U00170,2024-10-06 10:47:31,2024-12-14 10:47:31,Organic,2,117.4,193,262,True,False,True,Silent-Paid,2024-10,2024-12
U00171,2024-09-13 13:36:25,2025-02-19 13:36:25,Xiaohongshu,3,105.04,126,285,True,False,True,Silent-Paid,2024-09,2025-02
U00172,2024-09-14 12:59:28,2025-06-11 12:59:28,WeChat,3,52.54,14,284,False,False,True,Recently-Active,2024-09,2025-06
U00173,2024-01-01 04:30:39,2025-03-28 04:30:39,Xiaohongshu,2,99.87,89,541,True,False,True,Silent-Paid,2024-01,2025-03
U00174,2024-06-28 11:05:50,2025-03-31 11:05:50,Xiaohongshu,2,104.81,86,362,True,False,True,Silent-Paid,2024-06,2025-03
U00175,2024-06-22 20:48:16,2025-03-01 20:48:16,Organic,4,111.8,116,368,True,False,True,Silent-Paid,2024-06,2025-03
U00176,2024-11-27 13:44:47,2025-03-04 13:44:47,Douyin,3,16.45,113,210,True,False,True,Silent-Paid,2024-11,2025-03
U00177,2024-10-12 00:08:27,2025-03-03 00:08:27,Bilibili,4,50.91,114,256,True,False,True,Silent-Paid,2024-10,2025-03
U00178,2025-01-04 18:36:12,2025-02-23 18:36:12,Xiaohongshu,2,87.29,122,172,True,False,True,Silent-Paid,2025-01,2025-02
U00179,2024-11-03 18:49:12,2025-02-15 18:49:12,WeChat,2,59.59,130,234,True,False,True,Silent-Paid,2024-11,2025-02
U00180,2024-12-25 06:12:03,2025-04-19 06:12:03,Bilibili,2,81.32,67,182,True,False,True,Silent-Paid,2024-12,2025-04
U00181,2024-12-08 19:19:53,2025-01-27 19:19:53,WeChat,3,30.69,149,199,True,False,True,Silent-Paid,2024-12,2025-01
U00182,2024-09-26 00:07:41,2025-04-13 00:07:41,Bilibili,3,60.04,73,272,True,False,True,Silent-Paid,2024-09,2025-04
U00183,2024-08-06 14:45:17,2025-01-25 14:45:17,Bilibili,1,50.96,151,323,True,False,True,Silent-Paid,2024-08,2025-01
U00184,2024-10-26 02:27:59,2025-03-01 02:27:59,Douyin,3,78.74,116,242,True,False,True,Silent-Paid,2024-10,2025-03
U00185,2024-11-23 23:37:12,2025-02-05 23:37:12,Organic,1,46.18,140,214,True,False,True,Silent-Paid,2024-11,2025-02
U00186,2024-07-27 22:54:38,2024-10-14 22:54:38,Xiaohongshu,3,64.41,254,333,True,False,True,Silent-Paid,2024-07,2024-10
U00187,2025-02-04 09:50:23,2025-03-21 09:50:23,Organic,4,74.39,96,141,True,False,True,Silent-Paid,2025-02,2025-03
U00188,2025-02-21 22:02:39,2025-02-22 22:02:39,WeChat,4,75.83,123,124,True,False,True,Silent-Paid,2025-02,2025-02
U00189,2024-05-15 14:58:08,2025-04-30 14:58:08,Bilibili,1,119.09,56,406,True,False,True,Silent-Paid,2024-05,2025-04
U00190,2024-06-04 05:32:12,2025-01-26 05:32:12,WeChat,0,35.95,150,386,True,False,False,Silent-Free,2024-06,2025-01
U00191,2024-09-05 06:10:32,2025-05-02 06:10:32,Bilibili,1,80.49,54,293,True,False,True,Silent-Paid,2024-09,2025-05
U00192,2024-01-24 09:51:36,2024-05-03 09:51:36,Bilibili,0,44.89,418,518,True,False,False,Silent-Free,2024-01,2024-05
U00193,2024-08-04 02:32:22,2025-02-01 02:32:22,Organic,0,88.87,144,325,True,False,False,Silent-Free,2024-08,2025-02
U00194,2024-12-02 16:06:37,2024-12-07 16:06:37,Douyin,2,93.44,200,205,True,False,True,Silent-Paid,2024-12,2024-12
U00195,2024-09-16 05:53:04,2024-11-02 05:53:04,Xiaohongshu,3,17.99,235,282,True,False,True,Silent-Paid,2024-09,2024-11
U00196,2024-11-21 10:02:29,2025-04-24 10:02:29,WeChat,2,60.56,62,216,True,False,True,Silent-Paid,2024-11,2025-04
U00197,2024-04-16 19:13:38,2024-07-31 19:13:38,Douyin,3,96.31,329,435,True,False,True,Silent-Paid,2024-04,2024-07
U00198,2025-03-29 12:09:30,2025-05-02 12:09:30,Organic,3,110.66,54,88,True,False,True,Silent-Paid,2025-03,2025-05
U00199,2024-02-08 19:02:56,2025-01-10 19:02:56,WeChat,0,114.83,166,503,True,False,False,Silent-Free,2024-02,2025-01
U00200,2024-08-27 18:37:25,2025-06-08 18:37:25,Organic,3,69.25,17,302,False,False,True,Recently-Active,2024-08,2025-06
U00201,2024-03-27 10:48:32,2025-02-24 10:48:32,Bilibili,0,74.97,121,455,True,False,False,Silent-Free,2024-03,2025-02
U00202,2024-05-18 12:57:22,2025-03-26 12:57:22,Douyin,4,89.39,91,403,True,False,True,Silent-Paid,2024-05,2025-03
U00203,2024-07-19 20:25:37,2025-02-08 20:25:37,Douyin,3,53.79,137,341,True,False,True,Silent-Paid,2024-07,2025-02
U00204,2024-09-04 09:26:56,2025-02-19 09:26:56,Douyin,2,62.13,126,294,True,False,True,Silent-Paid,2024-09,2025-02
U00205,2024-05-12 22:12:27,2025-05-08 22:12:27,Douyin,3,22.56,48,409,True,False,True,Silent-Paid,2024-05,2025-05
U00206,2025-03-08 01:06:42,2025-06-25 01:06:42,Bilibili,1,45.57,0,109,False,False,True,Recently-Active,2025-03,2025-06
U00207,2024-07-25 11:31:28,2025-03-03 11:31:28,Douyin,2,85.67,114,335,True,False,True,Silent-Paid,2024-07,2025-03
U00208,2025-02-06 09:47:50,2025-03-26 09:47:50,Organic,2,23.74,91,139,True,False,True,Silent-Paid,2025-02,2025-03
U00209,2024-11-16 06:01:49,2025-04-13 06:01:49,Xiaohongshu,2,95.62,73,221,True,False,True,Silent-Paid,2024-11,2025-04
U00210,2024-10-24 05:23:42,2025-03-28 05:23:42,WeChat,1,16.76,89,244,True,False,True,Silent-Paid,2024-10,2025-03
U00211,2024-08-23 19:10:21,2024-11-14 19:10:21,Douyin,3,31.02,223,306,True,False,True,Silent-Paid,2024-08,2024-11
U00212,2025-02-02 05:01:40,2025-05-25 05:01:40,WeChat,0,26.95,31,143,True,False,False,Silent-Free,2025-02,2025-05
U00213,2024-06-07 14:35:27,2024-10-08 14:35:27,Organic,3,119.31,260,383,True,False,True,Silent-Paid,2024-06,2024-10
U00214,2025-01-02 07:30:25,2025-06-25 07:30:25,WeChat,3,22.39,0,174,False,False,True,Recently-Active,2025-01,2025-06
U00215,2024-02-04 03:52:24,2024-05-30 03:52:24,Xiaohongshu,3,71.66,391,507,True,False,True,Silent-Paid,2024-02,2024-05
U00216,2024-06-13 17:55:34,2024-08-03 17:55:34,Douyin,4,49.48,326,377,True,False,True,Silent-Paid,2024-06,2024-08
U00217,2024-01-24 02:00:53,2024-02-16 02:00:53,Douyin,2,29.99,495,518,True,False,True,Silent-Paid,2024-01,2024-02
U00218,2024-12-15 01:15:49,2025-04-20 01:15:49,Bilibili,1,39.87,66,192,True,False,True,Silent-Paid,2024-12,2025-04
U00219,2025-02-21 22:19:30,2025-04-18 22:19:30,WeChat,3,106.78,68,124,True,False,True,Silent-Paid,2025-02,2025-04
U00220,2024-12-05 09:59:49,2025-01-04 09:59:49,Bilibili,4,73.24,172,202,True,False,True,Silent-Paid,2024-12,2025-01
U00221,2024-12-20 06:17:14,2025-01-13 06:17:14,Douyin,3,96.32,163,187,True,False,True,Silent-Paid,2024-12,2025-01
U00222,2024-07-23 08:29:28,2025-04-02 08:29:28,Xiaohongshu,4,37.13,84,337,True,False,True,Silent-Paid,2024-07,2025-04
U00223,2024-07-12 06:08:18,2024-11-07 06:08:18,Douyin,0,48.79,230,348,True,False,False,Silent-Free,2024-07,2024-11
U00224,2025-02-23 10:19:37,2025-04-23 10:19:37,Bilibili,0,87.85,63,122,True,False,False,Silent-Free,2025-02,2025-04
U00225,2024-10-23 14:11:04,2024-12-16 14:11:04,Xiaohongshu,4,29.15,191,245,True,False,True,Silent-Paid,2024-10,2024-12
U00226,2025-01-01 09:23:20,2025-03-26 09:23:20,Xiaohongshu,1,20.49,91,175,True,False,True,Silent-Paid,2025-01,2025-03
U00227,2024-10-30 04:02:21,2025-06-19 04:02:21,Douyin,4,62.68,6,238,False,False,True,Recently-Active,2024-10,2025-06
U00228,2024-02-10 01:40:57,2024-02-17 01:40:57,Organic,0,106.67,494,501,True,False,False,Silent-Free,2024-02,2024-02
U00229,2025-03-15 17:29:26,2025-04-24 17:29:26,Xiaohongshu,3,39.68,62,102,True,False,True,Silent-Paid,2025-03,2025-04
U00230,2025-03-10 21:07:35,2025-04-15 21:07:35,Douyin,0,59.27,71,107,True,False,False,Silent-Free,2025-03,2025-04
U00231,2024-07-23 05:49:40,2025-06-18 05:49:40,Douyin,1,64.68,7,337,False,False,True,Recently-Active,2024-07,2025-06
U00232,2025-02-10 01:06:32,2025-02-13 01:06:32,Xiaohongshu,2,19.55,132,135,True,False,True,Silent-Paid,2025-02,2025-02
U00233,2024-03-15 19:45:16,2024-04-13 19:45:16,Bilibili,4,117.22,438,467,True,False,True,Silent-Paid,2024-03,2024-04
U00234,2024-07-13 09:15:14,2024-09-17 09:15:14,Organic,3,113.79,281,347,True,False,True,Silent-Paid,2024-07,2024-09
U00235,2024-08-24 23:44:39,2025-01-26 23:44:39,Organic,1,106.39,150,305,True,False,True,Silent-Paid,2024-08,2025-01
U00236,2024-01-19 19:33:03,2024-03-21 19:33:03,Bilibili,3,78.05,461,523,True,False,True,Silent-Paid,2024-01,2024-03
U00237,2025-03-06 04:41:38,2025-03-11 04:41:38,WeChat,1,28.7,106,111,True,False,True,Silent-Paid,2025-03,2025-03
U00238,2025-02-03 04:16:32,2025-05-24 04:16:32,Organic,3,45.98,32,142,True,False,True,Silent-Paid,2025-02,2025-05
U00239,2024-04-07 01:00:20,2024-12-18 01:00:20,Douyin,2,109.18,189,444,True,False,True,Silent-Paid,2024-04,2024-12
U00240,2025-01-16 10:10:04,2025-03-06 10:10:04,Xiaohongshu,3,77.84,111,160,True,False,True,Silent-Paid,2025-01,2025-03
U00241,2024-07-18 12:00:28,2025-06-06 12:00:28,WeChat,3,107.79,19,342,False,False,True,Recently-Active,2024-07,2025-06
U00242,2024-05-13 23:21:36,2025-04-03 23:21:36,Douyin,1,38.84,83,408,True,False,True,Silent-Paid,2024-05,2025-04
U00243,2024-05-05 02:11:28,2025-03-02 02:11:28,Bilibili,2,31.99,115,416,True,False,True,Silent-Paid,2024-05,2025-03
U00244,2024-03-30 12:43:44,2024-11-04 12:43:44,Bilibili,5,79.65,233,452,True,False,True,Silent-Paid,2024-03,2024-11
U00245,2024-12-23 20:23:54,2025-06-04 20:23:54,Bilibili,0,93.78,21,184,False,False,False,Recently-Active,2024-12,2025-06
U00246,2024-02-01 12:51:38,2024-11-07 12:51:38,Xiaohongshu,3,15.77,230,510,True,False,True,Silent-Paid,2024-02,2024-11
U00247,2024-10-02 07:15:31,2025-05-07 07:15:31,Organic,5,107.35,49,266,True,False,True,Silent-Paid,2024-10,2025-05
U00248,2024-12-31 09:43:28,2025-06-05 09:43:28,Organic,1,90.74,20,176,False,False,True,Recently-Active,2024-12,2025-06
U00249,2024-05-08 06:27:55,2024-06-26 06:27:55,Douyin,1,76.93,364,413,True,False,True,Silent-Paid,2024-05,2024-06
U00250,2024-01-31 07:24:13,2025-04-13 07:24:13,Organic,0,36.02,73,511,True,False,False,Silent-Free,2024-01,2025-04
U00251,2024-01-28 23:11:48,2024-04-30 23:11:48,Bilibili,1,46.85,421,514,True,False,True,Silent-Paid,2024-01,2024-04
U00252,2024-08-28 18:14:43,2025-03-05 18:14:43,Organic,0,119.74,112,301,True,False,False,Silent-Free,2024-08,2025-03
U00253,2024-06-09 01:27:38,2024-08-12 01:27:38,Bilibili,3,62.74,317,381,True,False,True,Silent-Paid,2024-06,2024-08
U00254,2024-01-17 16:08:30,2024-05-27 16:08:30,Xiaohongshu,2,54.02,394,525,True,False,True,Silent-Paid,2024-01,2024-05
U00255,2025-01-25 16:14:29,2025-01-31 16:14:29,Bilibili,3,116.96,145,151,True,False,True,Silent-Paid,2025-01,2025-01
U00256,2024-05-18 03:17:25,2024-09-23 03:17:25,WeChat,3,65.58,275,403,True,False,True,Silent-Paid,2024-05,2024-09
U00257,2024-02-13 10:59:22,2024-03-01 10:59:22,Xiaohongshu,4,88.2,481,498,True,False,True,Silent-Paid,2024-02,2024-03
U00258,2024-01-30 09:30:10,2024-12-15 09:30:10,Douyin,2,97.01,192,512,True,False,True,Silent-Paid,2024-01,2024-12
U00259,2024-05-13 13:50:31,2024-07-11 13:50:31,WeChat,2,56.07,349,408,True,False,True,Silent-Paid,2024-05,2024-07
U00260,2024-02-18 15:28:03,2025-04-23 15:28:03,Douyin,4,25.44,63,493,True,False,True,Silent-Paid,2024-02,2025-04
U00261,2024-09-14 20:17:10,2024-12-28 20:17:10,WeChat,1,35.35,179,284,True,False,True,Silent-Paid,2024-09,2024-12
U00262,2024-06-22 18:32:37,2025-01-08 18:32:37,Bilibili,4,39.68,168,368,True,False,True,Silent-Paid,2024-06,2025-01
U00263,2024-09-03 03:48:41,2024-11-08 03:48:41,Xiaohongshu,2,91.59,229,295,True,False,True,Silent-Paid,2024-09,2024-11
U00264,2024-09-25 20:20:22,2025-06-18 20:20:22,Bilibili,4,83.99,7,273,False,False,True,Recently-Active,2024-09,2025-06
U00265,2024-01-16 10:36:24,2024-06-24 10:36:24,Douyin,2,108.92,366,526,True,False,True,Silent-Paid,2024-01,2024-06
U00266,2024-07-08 14:10:18,2025-03-31 14:10:18,WeChat,3,86.72,86,352,True,False,True,Silent-Paid,2024-07,2025-03
U00267,2024-02-19 14:54:34,2024-08-13 14:54:34,Douyin,1,107.25,316,492,True,False,True,Silent-Paid,2024-02,2024-08
U00268,2024-10-21 02:21:41,2024-11-01 02:21:41,WeChat,3,30.89,236,247,True,False,True,Silent-Paid,2024-10,2024-11
U00269,2025-02-21 23:42:23,2025-04-30 23:42:23,WeChat,6,60.08,56,124,True,False,True,Silent-Paid,2025-02,2025-04
U00270,2024-08-01 10:51:41,2025-01-11 10:51:41,WeChat,4,33.09,165,328,True,False,True,Silent-Paid,2024-08,2025-01
U00271,2024-05-19 11:50:36,2025-06-06 11:50:36,Bilibili,0,53.88,19,402,False,False,False,Recently-Active,2024-05,2025-06
U00272,2024-09-13 00:18:48,2025-06-09 00:18:48,Organic,1,58.46,16,285,False,False,True,Recently-Active,2024-09,2025-06
U00273,2024-03-17 11:32:44,2025-03-24 11:32:44,WeChat,3,63.47,93,465,True,False,True,Silent-Paid,2024-03,2025-03
U00274,2025-02-05 11:55:34,2025-02-22 11:55:34,Xiaohongshu,4,110.63,123,140,True,False,True,Silent-Paid,2025-02,2025-02
U00275,2024-05-23 17:27:54,2025-01-10 17:27:54,WeChat,0,101.22,166,398,True,False,False,Silent-Free,2024-05,2025-01
U00276,2025-01-14 13:51:16,2025-02-03 13:51:16,Bilibili,2,117.29,142,162,True,False,True,Silent-Paid,2025-01,2025-02
U00277,2025-02-14 02:02:33,2025-03-20 02:02:33,Organic,1,108.39,97,131,True,False,True,Silent-Paid,2025-02,2025-03
U00278,2024-09-25 17:55:10,2025-01-31 17:55:10,Douyin,2,38.9,145,273,True,False,True,Silent-Paid,2024-09,2025-01
U00279,2024-12-25 20:53:27,2025-03-21 20:53:27,WeChat,1,109.11,96,182,True,False,True,Silent-Paid,2024-12,2025-03
U00280,2025-02-12 23:25:44,2025-05-17 23:25:44,Xiaohongshu,5,43.94,39,133,True,False,True,Silent-Paid,2025-02,2025-05
U00281,2024-06-06 16:54:52,2025-04-08 16:54:52,WeChat,3,107.92,78,384,True,False,True,Silent-Paid,2024-06,2025-04
U00282,2024-09-29 18:28:44,2024-12-23 18:28:44,Organic,2,35.04,184,269,True,False,True,Silent-Paid,2024-09,2024-12
U00283,2024-03-16 09:06:24,2025-03-02 09:06:24,Douyin,2,77.0,115,466,True,False,True,Silent-Paid,2024-03,2025-03
U00284,2024-10-15 04:51:25,2025-06-04 04:51:25,Organic,3,22.09,21,253,False,False,True,Recently-Active,2024-10,2025-06
U00285,2024-04-04 14:58:04,2025-04-11 14:58:04,Bilibili,3,77.1,75,447,True,False,True,Silent-Paid,2024-04,2025-04
U00286,2024-01-26 03:36:45,2024-10-24 03:36:45,Organic,2,40.65,244,516,True,False,True,Silent-Paid,2024-01,2024-10
U00287,2024-04-14 09:31:41,2024-05-18 09:31:41,Bilibili,0,46.8,403,437,True,False,False,Silent-Free,2024-04,2024-05
U00288,2024-09-26 23:20:21,2024-11-05 23:20:21,Organic,3,86.23,232,272,True,False,True,Silent-Paid,2024-09,2024-11
U00289,2025-02-10 07:54:52,2025-03-26 07:54:52,Bilibili,2,34.42,91,135,True,False,True,Silent-Paid,2025-02,2025-03
U00290,2025-03-17 15:43:54,2025-03-19 15:43:54,Bilibili,7,76.94,98,100,True,False,True,Silent-Paid,2025-03,2025-03
U00291,2024-07-07 17:43:09,2024-11-29 17:43:09,Douyin,1,71.39,208,353,True,False,True,Silent-Paid,2024-07,2024-11
U00292,2025-04-01 07:17:44,2025-06-16 07:17:44,Xiaohongshu,4,98.02,9,85,False,False,True,Recently-Active,2025-04,2025-06
U00293,2025-03-19 08:33:50,2025-05-12 08:33:50,Xiaohongshu,3,29.29,44,98,True,False,True,Silent-Paid,2025-03,2025-05
U00294,2024-12-11 13:22:04,2025-04-29 13:22:04,Douyin,2,112.21,57,196,True,False,True,Silent-Paid,2024-12,2025-04
U00295,2025-02-12 17:33:17,2025-03-02 17:33:17,WeChat,7,42.63,115,133,True,False,True,Silent-Paid,2025-02,2025-03
U00296,2024-07-27 07:19:53,2024-07-31 07:19:53,Bilibili,0,117.76,329,333,True,False,False,Silent-Free,2024-07,2024-07
U00297,2025-01-29 13:51:41,2025-06-09 13:51:41,Xiaohongshu,2,37.13,16,147,False,False,True,Recently-Active,2025-01,2025-06
U00298,2024-02-09 14:41:59,2024-12-20 14:41:59,Bilibili,1,55.83,187,502,True,False,True,Silent-Paid,2024-02,2024-12
U00299,2025-02-11 21:03:16,2025-05-30 21:03:16,Organic,3,56.01,26,134,False,False,True,Recently-Active,2025-02,2025-05
U00300,2024-06-29 16:41:30,2024-07-02 16:41:30,Douyin,4,79.38,358,361,True,False,True,Silent-Paid,2024-06,2024-07
U00301,2024-06-02 23:22:38,2024-06-04 23:22:38,Bilibili,5,95.3,386,388,True,False,True,Silent-Paid,2024-06,2024-06
U00302,2024-03-02 11:01:09,2024-11-19 11:01:09,WeChat,1,44.11,218,480,True,False,True,Silent-Paid,2024-03,2024-11
U00303,2025-02-01 19:46:15,2025-06-22 19:46:15,WeChat,2,72.65,3,144,False,False,True,Recently-Active,2025-02,2025-06
U00304,2024-09-26 14:58:47,2025-06-18 14:58:47,Xiaohongshu,3,44.06,7,272,False,False,True,Recently-Active,2024-09,2025-06
U00305,2024-11-04 22:56:10,2025-04-01 22:56:10,WeChat,7,22.41,85,233,True,False,True,Silent-Paid,2024-11,2025-04
U00306,2024-08-19 10:59:31,2024-10-25 10:59:31,Bilibili,0,16.55,243,310,True,False,False,Silent-Free,2024-08,2024-10
U00307,2024-08-15 21:20:43,2024-10-25 21:20:43,Bilibili,2,86.94,243,314,True,False,True,Silent-Paid,2024-08,2024-10
U00308,2025-01-30 05:56:00,2025-04-04 05:56:00,Organic,2,41.65,82,146,True,False,True,Silent-Paid,2025-01,2025-04
U00309,2024-08-05 20:36:14,2024-08-23 20:36:14,WeChat,2,63.46,306,324,True,False,True,Silent-Paid,2024-08,2024-08
U00310,2024-08-03 14:38:29,2024-12-25 14:38:29,Organic,1,107.89,182,326,True,False,True,Silent-Paid,2024-08,2024-12
U00311,2024-02-16 03:16:40,2025-04-24 03:16:40,Organic,3,47.33,62,495,True,False,True,Silent-Paid,2024-02,2025-04
U00312,2024-07-15 09:47:22,2025-03-09 09:47:22,WeChat,6,89.59,108,345,True,False,True,Silent-Paid,2024-07,2025-03
U00313,2025-02-11 13:34:01,2025-06-14 13:34:01,WeChat,4,24.34,11,134,False,False,True,Recently-Active,2025-02,2025-06
U00314,2024-07-17 16:36:28,2024-09-14 16:36:28,Xiaohongshu,2,99.07,284,343,True,False,True,Silent-Paid,2024-07,2024-09
U00315,2024-06-30 05:16:05,2025-01-28 05:16:05,Douyin,5,21.05,148,360,True,False,True,Silent-Paid,2024-06,2025-01
U00316,2024-01-10 06:15:54,2024-10-02 06:15:54,WeChat,0,47.83,266,532,True,False,False,Silent-Free,2024-01,2024-10
U00317,2025-03-15 04:37:41,2025-05-29 04:37:41,WeChat,0,45.86,27,102,False,False,False,Recently-Active,2025-03,2025-05
U00318,2024-07-30 09:23:26,2025-04-19 09:23:26,WeChat,3,67.82,67,330,True,False,True,Silent-Paid,2024-07,2025-04
U00319,2025-01-13 15:19:09,2025-03-24 15:19:09,Xiaohongshu,1,94.6,93,163,True,False,True,Silent-Paid,2025-01,2025-03
U00320,2024-06-20 17:41:14,2024-10-08 17:41:14,Xiaohongshu,5,38.71,260,370,True,False,True,Silent-Paid,2024-06,2024-10
U00321,2024-07-24 15:28:41,2024-09-08 15:28:41,Organic,5,107.37,290,336,True,False,True,Silent-Paid,2024-07,2024-09
U00322,2024-03-07 07:30:19,2024-05-22 07:30:19,Douyin,2,31.79,399,475,True,False,True,Silent-Paid,2024-03,2024-05
U00323,2025-01-08 00:57:05,2025-02-03 00:57:05,WeChat,1,32.36,142,168,True,False,True,Silent-Paid,2025-01,2025-02
U00324,2024-03-20 17:28:06,2025-04-20 17:28:06,Organic,2,106.7,66,462,True,False,True,Silent-Paid,2024-03,2025-04
U00325,2024-07-23 23:39:12,2024-10-26 23:39:12,Organic,2,69.2,242,337,True,False,True,Silent-Paid,2024-07,2024-10
U00326,2024-02-15 15:34:17,2024-12-24 15:34:17,Organic,2,41.55,183,496,True,False,True,Silent-Paid,2024-02,2024-12
U00327,2024-10-08 07:56:50,2025-05-12 07:56:50,WeChat,1,16.07,44,260,True,False,True,Silent-Paid,2024-10,2025-05
U00328,2024-01-25 23:43:25,2024-05-09 23:43:25,Bilibili,1,44.22,412,517,True,False,True,Silent-Paid,2024-01,2024-05
U00329,2024-12-13 15:16:41,2025-06-02 15:16:41,Organic,2,77.01,23,194,False,False,True,Recently-Active,2024-12,2025-06
U00330,2024-05-15 10:08:56,2024-08-14 10:08:56,Xiaohongshu,4,45.14,315,406,True,False,True,Silent-Paid,2024-05,2024-08
U00331,2025-02-16 01:44:08,2025-04-11 01:44:08,Organic,4,112.98,75,129,True,False,True,Silent-Paid,2025-02,2025-04
U00332,2025-03-19 14:11:20,2025-04-03 14:11:20,Xiaohongshu,2,72.9,83,98,True,False,True,Silent-Paid,2025-03,2025-04
U00333,2024-05-30 18:29:20,2025-02-08 18:29:20,Xiaohongshu,1,34.46,137,391,True,False,True,Silent-Paid,2024-05,2025-02
U00334,2024-02-29 22:04:04,2025-05-11 22:04:04,Xiaohongshu,6,81.39,45,482,True,False,True,Silent-Paid,2024-02,2025-05
U00335,2024-02-24 05:25:47,2024-09-08 05:25:47,Bilibili,2,66.74,290,487,True,False,True,Silent-Paid,2024-02,2024-09
U00336,2024-12-25 07:19:31,2025-02-05 07:19:31,Bilibili,3,40.22,140,182,True,False,True,Silent-Paid,2024-12,2025-02
U00337,2024-05-11 15:10:05,2025-05-26 15:10:05,Bilibili,4,21.09,30,410,False,False,True,Recently-Active,2024-05,2025-05
U00338,2024-05-27 17:55:49,2025-04-16 17:55:49,Bilibili,3,114.52,70,394,True,False,True,Silent-Paid,2024-05,2025-04
U00339,2024-04-19 22:42:10,2024-10-08 22:42:10,Xiaohongshu,4,16.55,260,432,True,False,True,Silent-Paid,2024-04,2024-10
U00340,2024-02-22 00:18:42,2025-03-15 00:18:42,WeChat,1,85.82,102,489,True,False,True,Silent-Paid,2024-02,2025-03
U00341,2025-03-29 09:44:26,2025-04-05 09:44:26,Bilibili,3,40.71,81,88,True,False,True,Silent-Paid,2025-03,2025-04
U00342,2024-11-16 16:01:44,2025-01-31 16:01:44,Organic,1,24.23,145,221,True,False,True,Silent-Paid,2024-11,2025-01
U00343,2024-04-27 18:29:46,2024-09-14 18:29:46,WeChat,1,86.79,284,424,True,False,True,Silent-Paid,2024-04,2024-09
U00344,2024-12-27 08:58:09,2025-04-11 08:58:09,Douyin,1,73.51,75,180,True,False,True,Silent-Paid,2024-12,2025-04
U00345,2024-03-07 09:19:55,2024-06-14 09:19:55,Xiaohongshu,3,99.09,376,475,True,False,True,Silent-Paid,2024-03,2024-06
U00346,2024-10-14 22:56:18,2025-03-16 22:56:18,Organic,7,87.66,101,254,True,False,True,Silent-Paid,2024-10,2025-03
U00347,2024-09-29 22:10:20,2025-06-16 22:10:20,Douyin,5,33.74,9,269,False,False,True,Recently-Active,2024-09,2025-06
U00348,2024-07-30 09:50:10,2024-12-20 09:50:10,Xiaohongshu,5,23.77,187,330,True,False,True,Silent-Paid,2024-07,2024-12
U00349,2024-12-22 11:08:01,2025-02-28 11:08:01,Xiaohongshu,3,84.95,117,185,True,False,True,Silent-Paid,2024-12,2025-02
U00350,2024-04-19 18:09:33,2024-10-24 18:09:33,Bilibili,1,80.64,244,432,True,False,True,Silent-Paid,2024-04,2024-10
U00351,2024-08-28 08:47:55,2025-02-17 08:47:55,Douyin,1,53.96,128,301,True,False,True,Silent-Paid,2024-08,2025-02
U00352,2024-11-06 06:35:50,2025-05-14 06:35:50,Bilibili,5,57.66,42,231,True,False,True,Silent-Paid,2024-11,2025-05
U00353,2024-12-21 16:25:28,2025-05-06 16:25:28,Douyin,2,78.62,50,186,True,False,True,Silent-Paid,2024-12,2025-05
U00354,2024-01-30 18:20:53,2024-12-28 18:20:53,Bilibili,5,64.99,179,512,True,False,True,Silent-Paid,2024-01,2024-12
U00355,2024-12-19 04:55:03,2025-06-02 04:55:03,Douyin,4,108.69,23,188,False,False,True,Recently-Active,2024-12,2025-06
U00356,2024-06-10 22:39:58,2025-02-17 22:39:58,Xiaohongshu,0,23.97,128,380,True,False,False,Silent-Free,2024-06,2025-02
U00357,2024-06-17 04:18:39,2024-08-21 04:18:39,Douyin,3,83.24,308,373,True,False,True,Silent-Paid,2024-06,2024-08
U00358,2024-12-23 09:20:15,2025-02-18 09:20:15,Organic,0,47.72,127,184,True,False,False,Silent-Free,2024-12,2025-02
U00359,2024-11-21 19:37:04,2025-06-21 19:37:04,Organic,5,75.71,4,216,False,False,True,Recently-Active,2024-11,2025-06
U00360,2024-10-15 06:15:55,2025-04-08 06:15:55,Organic,2,108.98,78,253,True,False,True,Silent-Paid,2024-10,2025-04
U00361,2024-04-25 20:30:27,2024-08-05 20:30:27,Bilibili,3,32.61,324,426,True,False,True,Silent-Paid,2024-04,2024-08
U00362,2024-10-17 11:12:32,2025-02-02 11:12:32,WeChat,3,109.58,143,251,True,False,True,Silent-Paid,2024-10,2025-02
U00363,2024-01-03 00:43:48,2024-11-10 00:43:48,Bilibili,3,36.26,227,539,True,False,True,Silent-Paid,2024-01,2024-11
U00364,2024-04-22 03:04:44,2025-05-07 03:04:44,Douyin,5,77.4,49,429,True,False,True,Silent-Paid,2024-04,2025-05
U00365,2024-05-23 22:46:45,2024-11-13 22:46:45,WeChat,2,103.79,224,398,True,False,True,Silent-Paid,2024-05,2024-11
U00366,2024-11-03 18:52:31,2025-02-08 18:52:31,Organic,1,89.96,137,234,True,False,True,Silent-Paid,2024-11,2025-02
U00367,2024-03-03 12:00:32,2024-08-27 12:00:32,Douyin,2,83.36,302,479,True,False,True,Silent-Paid,2024-03,2024-08
U00368,2024-02-28 09:07:55,2025-06-02 09:07:55,Douyin,4,37.52,23,483,False,False,True,Recently-Active,2024-02,2025-06
U00369,2024-12-14 20:53:56,2024-12-24 20:53:56,WeChat,5,81.32,183,193,True,False,True,Silent-Paid,2024-12,2024-12
U00370,2024-02-09 03:20:35,2025-02-14 03:20:35,Organic,6,28.54,131,502,True,False,True,Silent-Paid,2024-02,2025-02
U00371,2024-06-02 11:32:32,2024-10-07 11:32:32,WeChat,1,28.28,261,388,True,False,True,Silent-Paid,2024-06,2024-10
U00372,2024-09-28 01:48:42,2025-04-01 01:48:42,Organic,1,40.36,85,270,True,False,True,Silent-Paid,2024-09,2025-04
U00373,2024-02-10 05:03:43,2025-05-28 05:03:43,Xiaohongshu,4,114.6,28,501,False,False,True,Recently-Active,2024-02,2025-05
U00374,2024-07-09 23:14:33,2024-11-09 23:14:33,Organic,4,112.72,228,351,True,False,True,Silent-Paid,2024-07,2024-11
U00375,2024-12-13 11:58:19,2025-02-21 11:58:19,Organic,4,91.14,124,194,True,False,True,Silent-Paid,2024-12,2025-02
U00376,2024-09-20 11:43:02,2024-11-16 11:43:02,WeChat,2,49.32,221,278,True,False,True,Silent-Paid,2024-09,2024-11
U00377,2025-02-15 23:20:42,2025-03-19 23:20:42,Bilibili,1,98.96,98,130,True,False,True,Silent-Paid,2025-02,2025-03
U00378,2025-03-21 09:52:10,2025-05-11 09:52:10,Organic,1,96.58,45,96,True,False,True,Silent-Paid,2025-03,2025-05
U00379,2024-12-13 20:59:41,2025-05-20 20:59:41,Bilibili,3,118.56,36,194,True,False,True,Silent-Paid,2024-12,2025-05
U00380,2024-08-31 20:33:02,2025-04-02 20:33:02,Bilibili,0,112.94,84,298,True,False,False,Silent-Free,2024-08,2025-04
U00381,2024-07-20 10:57:45,2024-11-09 10:57:45,WeChat,2,80.02,228,340,True,False,True,Silent-Paid,2024-07,2024-11
U00382,2024-10-08 04:50:48,2024-11-04 04:50:48,Bilibili,2,45.53,233,260,True,False,True,Silent-Paid,2024-10,2024-11
U00383,2024-09-17 04:00:00,2024-12-15 04:00:00,Douyin,6,45.96,192,281,True,False,True,Silent-Paid,2024-09,2024-12
U00384,2024-04-20 15:49:25,2024-09-07 15:49:25,Bilibili,0,118.92,291,431,True,False,False,Silent-Free,2024-04,2024-09
U00385,2024-01-11 09:07:02,2024-10-14 09:07:02,Bilibili,4,111.6,254,531,True,False,True,Silent-Paid,2024-01,2024-10
U00386,2024-05-14 17:13:47,2024-07-17 17:13:47,Xiaohongshu,5,80.94,343,407,True,False,True,Silent-Paid,2024-05,2024-07
U00387,2024-12-28 03:46:39,2025-04-02 03:46:39,Organic,2,19.4,84,179,True,False,True,Silent-Paid,2024-12,2025-04
U00388,2024-12-01 19:48:49,2025-03-03 19:48:49,Bilibili,0,30.8,114,206,True,False,False,Silent-Free,2024-12,2025-03
U00389,2024-10-11 18:28:20,2024-10-26 18:28:20,Bilibili,2,82.99,242,257,True,False,True,Silent-Paid,2024-10,2024-10
U00390,2024-06-06 16:13:10,2025-05-21 16:13:10,Douyin,2,38.16,35,384,True,False,True,Silent-Paid,2024-06,2025-05
U00391,2024-03-20 02:42:24,2025-01-10 02:42:24,Douyin,0,89.88,166,462,True,False,False,Silent-Free,2024-03,2025-01
U00392,2024-12-12 07:52:26,2025-04-14 07:52:26,WeChat,3,113.57,72,195,True,False,True,Silent-Paid,2024-12,2025-04
U00393,2024-07-05 10:38:38,2024-09-24 10:38:38,Douyin,4,113.2,274,355,True,False,True,Silent-Paid,2024-07,2024-09
U00394,2025-03-10 13:53:54,2025-06-24 13:53:54,Xiaohongshu,7,111.39,1,107,False,False,True,Recently-Active,2025-03,2025-06
U00395,2024-07-26 04:17:28,2025-05-29 04:17:28,Douyin,5,71.28,27,334,False,False,True,Recently-Active,2024-07,2025-05
U00396,2024-05-18 10:45:04,2025-04-24 10:45:04,Bilibili,4,50.03,62,403,True,False,True,Silent-Paid,2024-05,2025-04
U00397,2024-01-05 19:33:42,2024-01-14 19:33:42,Douyin,3,54.88,528,537,True,False,True,Silent-Paid,2024-01,2024-01
U00398,2024-07-13 20:27:31,2024-09-02 20:27:31,Xiaohongshu,1,92.49,296,347,True,False,True,Silent-Paid,2024-07,2024-09
U00399,2024-01-16 15:43:37,2025-03-23 15:43:37,WeChat,3,71.04,94,526,True,False,True,Silent-Paid,2024-01,2025-03
U00400,2024-07-08 14:52:13,2025-01-31 14:52:13,Bilibili,4,83.85,145,352,True,False,True,Silent-Paid,2024-07,2025-01
U00401,2024-08-24 01:56:22,2024-10-13 01:56:22,Xiaohongshu,1,90.95,255,305,True,False,True,Silent-Paid,2024-08,2024-10
U00402,2025-02-02 01:21:43,2025-02-02 01:21:43,Organic,1,80.83,143,143,True,False,True,Silent-Paid,2025-02,2025-02
U00403,2025-03-01 04:02:45,2025-05-15 04:02:45,Douyin,3,95.86,41,116,True,False,True,Silent-Paid,2025-03,2025-05
U00404,2024-09-28 18:29:54,2025-03-29 18:29:54,Bilibili,1,24.97,88,270,True,False,True,Silent-Paid,2024-09,2025-03
U00405,2024-05-18 20:41:18,2025-04-18 20:41:18,WeChat,3,70.04,68,403,True,False,True,Silent-Paid,2024-05,2025-04
U00406,2025-02-14 17:15:16,2025-04-17 17:15:16,Bilibili,5,106.85,69,131,True,False,True,Silent-Paid,2025-02,2025-04
U00407,2024-05-02 03:50:33,2025-02-13 03:50:33,WeChat,2,110.42,132,419,True,False,True,Silent-Paid,2024-05,2025-02
U00408,2025-03-22 05:46:35,2025-04-05 05:46:35,Organic,3,18.95,81,95,True,False,True,Silent-Paid,2025-03,2025-04
U00409,2024-12-26 11:25:17,2025-04-13 11:25:17,WeChat,2,54.11,73,181,True,False,True,Silent-Paid,2024-12,2025-04
U00410,2024-05-09 23:56:27,2025-03-25 23:56:27,Organic,3,71.67,92,412,True,False,True,Silent-Paid,2024-05,2025-03
U00411,2024-11-11 15:49:59,2025-02-25 15:49:59,Xiaohongshu,2,66.56,120,226,True,False,True,Silent-Paid,2024-11,2025-02
U00412,2024-07-02 10:42:06,2024-12-23 10:42:06,Xiaohongshu,4,70.2,184,358,True,False,True,Silent-Paid,2024-07,2024-12
U00413,2025-02-12 08:40:02,2025-06-24 08:40:02,Douyin,3,117.93,1,133,False,False,True,Recently-Active,2025-02,2025-06
U00414,2024-01-29 12:26:00,2024-05-24 12:26:00,Bilibili,3,91.23,397,513,True,False,True,Silent-Paid,2024-01,2024-05
U00415,2024-03-29 19:46:16,2025-02-21 19:46:16,Xiaohongshu,3,99.77,124,453,True,False,True,Silent-Paid,2024-03,2025-02
U00416,2024-06-23 04:25:22,2025-04-17 04:25:22,Organic,1,37.6,69,367,True,False,True,Silent-Paid,2024-06,2025-04
U00417,2024-09-02 07:37:02,2025-03-17 07:37:02,Douyin,2,119.83,100,296,True,False,True,Silent-Paid,2024-09,2025-03
U00418,2024-07-22 08:17:38,2024-09-11 08:17:38,Douyin,2,61.29,287,338,True,False,True,Silent-Paid,2024-07,2024-09
U00419,2024-06-20 11:58:49,2025-05-22 11:58:49,Douyin,4,61.23,34,370,True,False,True,Silent-Paid,2024-06,2025-05
U00420,2025-02-05 16:47:44,2025-06-05 16:47:44,WeChat,1,30.88,20,140,False,False,True,Recently-Active,2025-02,2025-06
U00421,2024-09-09 23:43:04,2024-12-17 23:43:04,Xiaohongshu,0,73.66,190,289,True,False,False,Silent-Free,2024-09,2024-12
U00422,2024-08-13 14:31:19,2025-05-17 14:31:19,Organic,2,59.7,39,316,True,False,True,Silent-Paid,2024-08,2025-05
U00423,2024-10-19 17:46:39,2025-06-13 17:46:39,WeChat,6,86.68,12,249,False,False,True,Recently-Active,2024-10,2025-06
U00424,2025-03-05 04:33:32,2025-03-24 04:33:32,Organic,0,118.16,93,112,True,False,False,Silent-Free,2025-03,2025-03
U00425,2024-07-11 15:05:44,2024-09-04 15:05:44,Organic,4,38.01,294,349,True,False,True,Silent-Paid,2024-07,2024-09
U00426,2024-11-30 02:42:56,2025-01-15 02:42:56,Xiaohongshu,4,80.04,161,207,True,False,True,Silent-Paid,2024-11,2025-01
U00427,2025-01-27 13:43:36,2025-06-04 13:43:36,WeChat,2,63.67,21,149,False,False,True,Recently-Active,2025-01,2025-06
U00428,2024-03-20 05:37:02,2024-12-13 05:37:02,Organic,2,27.84,194,462,True,False,True,Silent-Paid,2024-03,2024-12
U00429,2024-05-10 00:41:02,2025-01-02 00:41:02,Xiaohongshu,3,98.86,174,411,True,False,True,Silent-Paid,2024-05,2025-01
U00430,2025-02-19 23:04:33,2025-05-20 23:04:33,Douyin,3,58.94,36,126,True,False,True,Silent-Paid,2025-02,2025-05
U00431,2024-10-02 14:13:41,2024-10-04 14:13:41,Bilibili,5,107.17,264,266,True,False,True,Silent-Paid,2024-10,2024-10
U00432,2025-02-15 09:04:59,2025-06-03 09:04:59,Douyin,4,86.53,22,130,False,False,True,Recently-Active,2025-02,2025-06
U00433,2024-12-05 06:31:08,2025-03-02 06:31:08,Douyin,0,29.13,115,202,True,False,False,Silent-Free,2024-12,2025-03
U00434,2024-02-08 19:31:41,2025-05-31 19:31:41,Bilibili,2,50.82,25,503,False,False,True,Recently-Active,2024-02,2025-05
U00435,2024-03-23 06:23:37,2024-10-01 06:23:37,Bilibili,0,39.54,267,459,True,False,False,Silent-Free,2024-03,2024-10
U00436,2024-01-12 18:40:55,2024-08-21 18:40:55,Xiaohongshu,2,69.92,308,530,True,False,True,Silent-Paid,2024-01,2024-08
U00437,2024-04-30 01:28:22,2025-01-19 01:28:22,Douyin,4,40.25,157,421,True,False,True,Silent-Paid,2024-04,2025-01
U00438,2024-12-24 18:21:04,2025-06-18 18:21:04,Bilibili,1,105.74,7,183,False,False,True,Recently-Active,2024-12,2025-06
U00439,2024-11-30 19:32:33,2024-12-19 19:32:33,Douyin,4,34.33,188,207,True,False,True,Silent-Paid,2024-11,2024-12
U00440,2024-07-22 16:55:41,2024-09-20 16:55:41,Bilibili,1,114.41,278,338,True,False,True,Silent-Paid,2024-07,2024-09
U00441,2024-11-25 01:45:36,2025-03-04 01:45:36,Organic,3,46.09,113,212,True,False,True,Silent-Paid,2024-11,2025-03
U00442,2024-10-13 03:26:38,2025-06-15 03:26:38,Organic,3,51.1,10,255,False,False,True,Recently-Active,2024-10,2025-06
U00443,2024-09-22 08:42:31,2024-09-28 08:42:31,Organic,3,22.04,270,276,True,False,True,Silent-Paid,2024-09,2024-09
U00444,2025-03-15 11:21:35,2025-05-13 11:21:35,WeChat,1,77.87,43,102,True,False,True,Silent-Paid,2025-03,2025-05
U00445,2025-01-05 15:07:48,2025-02-16 15:07:48,Bilibili,3,92.91,129,171,True,False,True,Silent-Paid,2025-01,2025-02
U00446,2024-03-09 20:26:58,2025-03-06 20:26:58,WeChat,4,46.41,111,473,True,False,True,Silent-Paid,2024-03,2025-03
U00447,2025-01-29 19:28:02,2025-05-23 19:28:02,Bilibili,1,95.73,33,147,True,False,True,Silent-Paid,2025-01,2025-05
U00448,2025-02-15 15:12:16,2025-03-29 15:12:16,Xiaohongshu,3,80.94,88,130,True,False,True,Silent-Paid,2025-02,2025-03
U00449,2024-12-23 14:09:58,2025-02-12 14:09:58,Xiaohongshu,1,109.85,133,184,True,False,True,Silent-Paid,2024-12,2025-02
U00450,2025-02-22 10:08:14,2025-04-09 10:08:14,Douyin,4,33.13,77,123,True,False,True,Silent-Paid,2025-02,2025-04
U00451,2024-05-12 20:38:21,2024-10-02 20:38:21,Douyin,1,67.03,266,409,True,False,True,Silent-Paid,2024-05,2024-10
U00452,2025-02-03 22:38:52,2025-02-24 22:38:52,WeChat,4,93.06,121,142,True,False,True,Silent-Paid,2025-02,2025-02
U00453,2024-06-21 05:11:45,2024-10-31 05:11:45,WeChat,3,33.32,237,369,True,False,True,Silent-Paid,2024-06,2024-10
U00454,2024-05-09 12:43:10,2024-11-21 12:43:10,WeChat,0,30.49,216,412,True,False,False,Silent-Free,2024-05,2024-11
U00455,2024-10-16 17:01:50,2024-10-19 17:01:50,Douyin,2,18.44,249,252,True,False,True,Silent-Paid,2024-10,2024-10
U00456,2024-03-07 09:12:05,2024-06-30 09:12:05,Douyin,2,29.63,360,475,True,False,True,Silent-Paid,2024-03,2024-06
U00457,2024-02-06 21:05:36,2024-11-07 21:05:36,Bilibili,2,59.4,230,505,True,False,True,Silent-Paid,2024-02,2024-11
U00458,2024-04-11 19:46:13,2024-11-16 19:46:13,Douyin,1,29.41,221,440,True,False,True,Silent-Paid,2024-04,2024-11
U00459,2024-10-22 05:04:04,2025-03-12 05:04:04,Xiaohongshu,2,85.6,105,246,True,False,True,Silent-Paid,2024-10,2025-03
U00460,2024-07-19 07:07:48,2024-08-30 07:07:48,Organic,2,50.65,299,341,True,False,True,Silent-Paid,2024-07,2024-08
U00461,2024-03-19 02:05:39,2024-04-03 02:05:39,Xiaohongshu,3,67.57,448,463,True,False,True,Silent-Paid,2024-03,2024-04
U00462,2024-07-14 15:11:30,2024-09-22 15:11:30,Bilibili,1,64.54,276,346,True,False,True,Silent-Paid,2024-07,2024-09
U00463,2024-11-01 04:42:11,2025-04-22 04:42:11,Bilibili,2,99.07,64,236,True,False,True,Silent-Paid,2024-11,2025-04
U00464,2024-10-06 02:42:01,2025-02-06 02:42:01,Xiaohongshu,2,59.09,139,262,True,False,True,Silent-Paid,2024-10,2025-02
U00465,2024-03-12 10:24:03,2024-06-23 10:24:03,Xiaohongshu,4,112.2,367,470,True,False,True,Silent-Paid,2024-03,2024-06
U00466,2024-07-01 06:29:30,2024-10-24 06:29:30,WeChat,2,107.52,244,359,True,False,True,Silent-Paid,2024-07,2024-10
U00467,2024-12-29 05:14:08,2025-03-28 05:14:08,Xiaohongshu,1,44.16,89,178,True,False,True,Silent-Paid,2024-12,2025-03
U00468,2024-10-01 10:37:22,2024-11-15 10:37:22,Bilibili,3,65.55,222,267,True,False,True,Silent-Paid,2024-10,2024-11
U00469,2025-02-27 10:53:02,2025-03-25 10:53:02,Xiaohongshu,2,83.14,92,118,True,False,True,Silent-Paid,2025-02,2025-03
U00470,2024-01-12 10:34:09,2024-04-26 10:34:09,Bilibili,4,89.25,425,530,True,False,True,Silent-Paid,2024-01,2024-04
U00471,2024-07-09 16:09:02,2024-11-16 16:09:02,Bilibili,3,56.71,221,351,True,False,True,Silent-Paid,2024-07,2024-11
U00472,2024-01-30 01:53:44,2024-12-18 01:53:44,Douyin,2,56.97,189,512,True,False,True,Silent-Paid,2024-01,2024-12
U00473,2025-02-19 04:49:09,2025-06-21 04:49:09,Organic,2,84.3,4,126,False,False,True,Recently-Active,2025-02,2025-06
U00474,2024-02-27 15:50:54,2025-01-16 15:50:54,Bilibili,3,15.52,160,484,True,False,True,Silent-Paid,2024-02,2025-01
U00475,2024-05-05 07:34:06,2025-01-18 07:34:06,Bilibili,1,30.43,158,416,True,False,True,Silent-Paid,2024-05,2025-01
U00476,2024-07-22 04:25:33,2024-11-07 04:25:33,Xiaohongshu,3,83.59,230,338,True,False,True,Silent-Paid,2024-07,2024-11
U00477,2024-12-04 18:50:22,2025-01-07 18:50:22,Bilibili,1,92.17,169,203,True,False,True,Silent-Paid,2024-12,2025-01
U00478,2024-05-10 00:07:56,2025-05-12 00:07:56,Organic,2,21.58,44,411,True,False,True,Silent-Paid,2024-05,2025-05
U00479,2025-02-18 07:20:16,2025-05-25 07:20:16,Xiaohongshu,2,35.56,31,127,True,False,True,Silent-Paid,2025-02,2025-05
U00480,2024-10-06 22:20:23,2025-02-01 22:20:23,WeChat,3,80.59,144,262,True,False,True,Silent-Paid,2024-10,2025-02
U00481,2024-01-20 23:14:40,2024-07-09 23:14:40,Bilibili,2,70.43,351,522,True,False,True,Silent-Paid,2024-01,2024-07
U00482,2024-09-14 08:29:15,2025-04-12 08:29:15,WeChat,1,66.13,74,284,True,False,True,Silent-Paid,2024-09,2025-04
U00483,2025-01-28 15:20:06,2025-05-10 15:20:06,WeChat,2,96.37,46,148,True,False,True,Silent-Paid,2025-01,2025-05
U00484,2024-09-09 03:33:29,2024-11-14 03:33:29,Douyin,4,75.13,223,289,True,False,True,Silent-Paid,2024-09,2024-11
U00485,2024-10-13 00:34:40,2025-06-02 00:34:40,Organic,2,56.33,23,255,False,False,True,Recently-Active,2024-10,2025-06
U00486,2024-09-07 07:48:13,2025-03-27 07:48:13,Bilibili,0,63.57,90,291,True,False,False,Silent-Free,2024-09,2025-03
U00487,2025-02-25 12:14:32,2025-06-21 12:14:32,Douyin,2,73.28,4,120,False,False,True,Recently-Active,2025-02,2025-06
U00488,2024-02-18 02:48:27,2025-01-30 02:48:27,Organic,3,84.63,146,493,True,False,True,Silent-Paid,2024-02,2025-01
U00489,2025-03-09 15:23:19,2025-06-23 15:23:19,Xiaohongshu,2,113.79,2,108,False,False,True,Recently-Active,2025-03,2025-06
U00490,2024-04-06 06:18:24,2025-02-04 06:18:24,Bilibili,3,89.09,141,445,True,False,True,Silent-Paid,2024-04,2025-02
U00491,2024-04-07 18:33:33,2024-10-21 18:33:33,Bilibili,4,21.93,247,444,True,False,True,Silent-Paid,2024-04,2024-10
U00492,2024-07-03 07:10:30,2024-10-30 07:10:30,WeChat,3,91.77,238,357,True,False,True,Silent-Paid,2024-07,2024-10
U00493,2024-12-03 21:20:15,2025-06-14 21:20:15,Organic,2,30.41,11,204,False,False,True,Recently-Active,2024-12,2025-06
U00494,2024-06-23 01:53:09,2025-02-12 01:53:09,Organic,1,85.26,133,367,True,False,True,Silent-Paid,2024-06,2025-02
U00495,2025-03-03 22:13:53,2025-03-25 22:13:53,Douyin,4,53.51,92,114,True,False,True,Silent-Paid,2025-03,2025-03
U00496,2025-03-13 10:23:44,2025-05-12 10:23:44,Organic,3,93.01,44,104,True,False,True,Silent-Paid,2025-03,2025-05
U00497,2024-10-25 18:14:33,2024-11-10 18:14:33,Bilibili,1,31.42,227,243,True,False,True,Silent-Paid,2024-10,2024-11
U00498,2024-07-21 03:20:56,2025-02-10 03:20:56,Bilibili,2,107.42,135,339,True,False,True,Silent-Paid,2024-07,2025-02
U00499,2025-03-07 20:50:30,2025-05-28 20:50:30,WeChat,3,53.7,28,110,False,False,True,Recently-Active,2025-03,2025-05
U00500,2024-07-20 09:45:16,2025-01-16 09:45:16,Xiaohongshu,2,48.49,160,340,True,False,True,Silent-Paid,2024-07,2025-01
